filename,liters,unitPrice,total,fuelKind,currency
pump-001.heic,67.00,1.869,125.22,,EUR
pump-002-lukoil-spb-ru.png,43.61,99.40,4334.83,,RUB
pump-003-kz-95-kzt.jpg,85.25,245.0,20886.25,,KZT
pump-004-kz-95-kzt-tokheim.jpg,12.38,243.0,3008.00,,KZT
pump-005-dresser-wayne-four-prices-ru.png,87.92,52.56,4621.08,,RUB
pump-006-kz-adast-92-kzt.png,45.00,244.0,10980.00,,KZT
pump-007-lukoil-spb-comma-decimals-ru.png,60.25,76.24,4593.46,,RUB
pump-008-topaz-video-overlay-92-ru.png,20.00,54.90,1098.00,,RUB
pump-009-gilbarco-zero-padded-ru.png,40.00,50.95,2038.00,,RUB
pump-010-scheidt-preset-amount-ru.png,13.17,75.95,1000.00,,RUB
pump-011-gilbarco-circlek-ee-zero-padded.heic,11.01,1.789,19.70,,EUR
pump-012-gilbarco-circlek-ee-glare-total.heic,5.63,1.789,,,EUR
pump-013-dresser-wayne-ee-four-prices.heic,7.34,,13.06,,EUR
pump-014-dresser-wayne-ee-glare-partial.heic,3.92,,,,EUR
pump-015-dresser-wayne-ee-diesel.heic,15.89,1.889,30.02,,EUR
pump-016-wayne-ee-idle-zero.heic,0.00,,0.00,,EUR
pump-017-wayne-ee-idle-zero-angled.heic,0.00,,0.00,,EUR
pump-018-gilbarco-tatneft-tver-98-ru.jpeg,25.00,99.99,2499.80,,RUB
pump-019-gilbarco-circlek-sikupilli-pump8-ee.jpg,45.22,1.754,79.32,,EUR
pump-020-gilbarco-circlek-sikupilli-pump7-ee.jpg,10.76,1.859,20.00,,EUR
pump-021-wayne-circlek-sun-glare-ee.jpg,8.09,,15.00,,EUR
pump-022-wayne-circlek-pump1-glare-ee.jpg,30.01,,52.49,,EUR
pump-023-wayne-circlek-glare-ee.jpg,29.65,,51.71,,EUR
pump-024-wayne-neste-ee-three-grade-prices.jpg,9.79,1.789,17.51,petrol95,EUR
pump-025-wayne-neste-ee-glare-obscured-total.jpg,22.91,1.789,40.99,petrol95,EUR
pump-026-gilbarco-circlek-ee-comma-decimal.jpg,53.81,1.924,103.53,,EUR
pump-027-gilbarco-circlek-ee-comma-glare.jpg,46.86,1.859,87.11,,EUR
pump-028-gilbarco-circlek-ee-comma-decimal-b.jpg,25.51,1.924,49.08,,EUR
pump-029-dresser-wayne-gpn-okulovka-ru-glare-total.jpg,57.00,71.18,4057.26,petrol95,RUB
pump-030-tokheim-zolotaya-seredina-tver-ru-comma.jpg,54.00,68.44,3695.76,petrol95,RUB
pump-031-gilbarco-circlek-ee-discount-mismatch.jpg,16.80,1.939,32.50,,EUR
pump-032-gilbarco-circlek-ee-clean.jpg,11.38,1.759,20.02,,EUR
pump-033-dresser-wayne-circlek-ee-fourprice-95.jpg,42.87,1.759,75.41,petrol95,EUR
pump-034-dresser-wayne-circlek-tallinn-ee-db0-pair.jpg,87.29,,160.53,diesel,EUR
pump-035-dresser-wayne-circlek-ee-rain-pump8.jpg,44.96,,82.01,,EUR
pump-036-dresser-wayne-circlek-ee-pump4-95.jpg,12.73,1.759,22.39,petrol95,EUR
pump-037-dresser-wayne-circlek-ee-pump3-diesel.jpg,11.05,1.834,20.27,diesel,EUR
pump-038-dresser-wayne-circlek-ee-reflection-95.jpg,44.03,1.759,77.45,petrol95,EUR
pump-039-gilbarco-circlek-ee-1839-clean.jpg,11.47,1.839,21.09,,EUR
pump-040-gilbarco-circlek-ee-pump4-wide.jpg,8.07,1.849,14.92,,EUR
pump-041-dresser-wayne-circlek-ee-glare-total.jpg,30.62,1.784,,petrol95,EUR
pump-042-dresser-wayne-circlek-ee-preset-20eur.jpg,11.34,,20.00,,EUR
pump-043-dresser-wayne-circlek-ee-pump8-95.jpg,60.58,1.784,108.07,petrol95,EUR
pump-044-rn-tver-chkalovskaya-95-comma-truncated-price-ru.jpeg,25.00,68.30,1707.50,petrol95,RUB
pump-045-gilbarco-circlek-ee-1799-zeropad.jpg,16.29,1.799,29.31,,EUR
pump-046-gilbarco-circlek-ee-pump7-95-badge.jpg,12.63,1.759,22.22,petrol95,EUR
pump-047-gilbarco-circlek-ee-pump8-outdoor.jpg,33.16,1.759,58.33,,EUR
pump-048-gilbarco-circlek-ee-1889-near-preset.jpg,10.58,1.889,19.99,,EUR
pump-049-gilbarco-circlek-ee-faint-lcd-small-fill.jpg,5.81,1.889,10.98,,EUR
pump-050-gilbarco-circlek-ee-1929.jpg,10.54,1.929,20.33,,EUR
pump-051-wayne-circlek-ee-fourprice-none-matches.jpg,15.61,,30.42,,EUR
pump-052-wayne-circlek-ee-glare-total-lost.jpg,34.64,,,,EUR
pump-053-wayne-circlek-ee-pump1-glare-total-digit.jpg,38.88,,,,EUR
pump-054-wayne-circlek-jarvevana-pump7-diesel-flare.jpg,26.94,1.919,51.71,diesel,EUR
pump-055-wayne-circlek-ee-liitrid-variant.jpg,56.05,,108.68,,EUR
pump-056-wayne-circlek-ee-preset-72eur.jpg,38.32,,72.00,,EUR
pump-057-gilbarco-circlek-sikupilli-pump5-db0-pair.jpg,55.80,1.799,100.38,diesel,EUR
pump-058-gilbarco-circlek-ee-dirty-lcd-1969.jpg,20.02,1.969,39.42,,EUR
pump-059-gilbarco-circlek-ee-pump3-1899.jpg,54.23,1.899,102.98,,EUR
pump-060-gilbarco-circlek-ee-1894.jpg,48.75,1.894,92.33,,EUR
pump-061-wayne-circlek-ee-discount-below-board.jpg,33.84,,62.40,,EUR
pump-062-wayne-circlek-ee-pump8-1894.jpg,20.88,1.894,39.55,,EUR
pump-063-wayne-circlek-ee-insect-on-price-display.jpg,7.17,1.834,13.15,,EUR
pump-064-wayne-circlek-ee-4645l-1834.jpg,46.45,1.834,85.19,,EUR
pump-065-tokheim-gazpromneft-edrovo-truncated-total-pair-ru.jpeg,53.00,71.05,3765.65,petrol95,RUB
pump-066-rn-tver-budovo-95-exact-total-pair-ru.jpeg,15.00,69.50,1042.50,petrol95,RUB
pump-067-circlek-jarvevana-95miles-4837l-glare-pair-ee.jpg,48.37,2.059,99.59,petrol95,EUR
pump-068-circlek-jarvevana-dmiles-7070l-pair-ee.jpg,70.70,2.099,148.40,diesel,EUR
pump-069-circlek-gilbarco-2914l-rotated90-ee.jpg,29.14,2.059,60.00,,EUR
pump-070-circlek-gilbarco-3494l-ee.jpg,34.94,1.919,67.05,,EUR
pump-071-circlek-gilbarco-1898l-midsegment-ee.jpg,18.98,2.109,40.03,,EUR
pump-072-circlek-wayne-1001l-loyalty-price-off-board-ee.jpg,10.01,1.894,18.96,,EUR
pump-073-wayne-gazpromneft-tver-truncated-total-pair-ru.jpeg,32.00,70.31,2249.92,petrol95,RUB
pump-074-gpn-tver-95-ru.jpg,29.00,68.44,,,RUB
pump-075-gilbarco-circlek-ee-95.jpg,46.24,1.934,89.43,,EUR
pump-076-gilbarco-circlek-ee-preset-150.jpg,77.56,1.934,150.00,,EUR
pump-077-gilbarco-ee-2054.jpg,24.54,2.054,50.41,,EUR
pump-078-gilbarco-circlek-peetri-pump7-3143l-ee.jpg,31.43,1.909,60.00,,EUR
pump-079-gilbarco-circlek-peetri-6900l-ee.jpg,69.00,1.969,135.86,,EUR
pump-080-gilbarco-circlek-peetri-1039l-ee.jpg,10.39,1.939,20.15,,EUR
pump-081-gilbarco-circlek-peetri-pump3-2496l-ee.jpg,24.96,1.969,49.15,,EUR
pump-082-gilbarco-circlek-peetri-1315l-ee.jpg,13.15,1.909,25.10,,EUR
pump-083-tokheim-gazpromneft-azs12089-truncated-total-pair-ru.jpeg,21.00,68.44,1437.20,petrol95,RUB
pump-084-dresser-wayne-gpn-okulovka-exact-total-pair-ru.jpeg,42.00,71.18,2989.56,petrol95,RUB
pump-085-tokheim-rn-tver-chkalovskaya-3000l-pair-ru.jpeg,30.00,71.30,2139.00,,RUB
pump-086-tokheim-rn-tver-chkalovskaya-1000l-pair-ru.jpeg,10.00,71.30,713.00,,RUB
pump-087-scheidt-bachmann-rn-3000l-6830-reflection-a-ru.jpeg,30.00,68.30,2049.00,,RUB
pump-088-scheidt-bachmann-rn-3000l-6830-reflection-b-ru.jpeg,30.00,68.30,2049.00,,RUB
pump-089-scheidt-bachmann-rn-1500l-6830-ru.jpeg,15.00,68.30,1024.50,,RUB
pump-090-scheidt-bachmann-rn-3000l-6830-reflection-c-ru.jpeg,30.00,68.30,2049.00,,RUB
pump-091-scheidt-bachmann-rn-2000l-7135-labels-cropped-ru.jpeg,20.00,71.35,1427.00,,RUB
pump-092-scheidt-bachmann-rn-3000l-6385-ru.jpeg,30.00,63.85,1915.50,,RUB
pump-093-scheidt-bachmann-rn-2000l-6385-faded-ru.jpeg,20.00,63.85,1277.00,,RUB
pump-094-gilbarco-circlek-ee-4325l-1944.jpg,43.25,1.944,84.08,,EUR
pump-095-gilbarco-circlek-peetri-pump5-2307l-pair-ee.jpg,23.07,1.944,44.85,,EUR
pump-096-tokheim-rn-tver-tc252-2000l-pair-ru.jpeg,20.00,71.30,1426.00,,RUB
pump-097-dresser-wayne-circlek-ee-2285l-1899.jpg,22.85,1.899,43.39,,EUR
pump-098-dresser-wayne-circlek-ee-969l-2039.jpg,9.69,2.039,19.76,,EUR
pump-099-dresser-wayne-circlek-ee-pump1-1064l-1899.jpg,10.64,1.899,20.21,,EUR
pump-100-dresser-wayne-circlek-jarvevana-pump4-6404l-2024-pair-ee.jpg,64.04,2.024,129.62,,EUR
pump-101-gilbarco-circlek-ee-1765l-2034-closeup.jpg,17.65,2.034,35.90,,EUR
pump-102-gilbarco-circlek-ee-1022l-1954.jpg,10.22,1.954,19.97,,EUR
pump-103-gilbarco-circlek-ee-4858l-1954.jpg,48.58,1.954,94.93,,EUR
pump-104-gilbarco-circlek-sikupilli-pump1-2650l-price-washed-pair-ee.jpg,26.50,1.949,51.65,,EUR
pump-105-gilbarco-circlek-ee-2555l-1899.jpg,25.55,1.899,48.52,,EUR
pump-106-wayne-gazpromneft-gdrive95-5100l-7031-truncated-total-ru.jpeg,51.00,70.31,3585.80,,RUB
pump-107-scheidt-bachmann-rn-tver-azk15-3000l-6830-night-zero-padded-pair-ru.jpeg,30.00,68.30,2049.00,,RUB
pump-108-scheidt-bachmann-rn-3249l-6830-reflection-ru.jpeg,32.49,68.30,2219.10,,RUB
pump-109-tokheim-gazpromneft-edrovo-4800l-7105-pair-ru.jpeg,48.00,71.05,3410.40,,RUB
pump-110-wayne-gazpromneft-gdrive95-4200l-7031-truncated-total-pair-ru.jpeg,42.00,70.31,2953.00,,RUB
pump-111-gilbarco-circlek-ee-5046l-1999.jpg,50.46,1.999,100.87,,EUR
pump-112-gilbarco-circlek-ee-461l-2199.jpg,4.61,2.199,10.14,,EUR
pump-113-gilbarco-circlek-ee-522l-2014.jpg,5.22,2.014,10.51,,EUR
pump-114-gilbarco-circlek-ee-6987l-2074-price-glare.jpg,69.87,2.074,144.91,,EUR
pump-115-gilbarco-circlek-sikupilli-pump7-98miles-1517l-1979-pair-ee.jpg,15.17,1.979,30.02,,EUR
pump-116-gilbarco-circlek-sikupilli-pump8-98miles-2786l-1979-pair-ee.jpg,27.86,1.979,55.13,,EUR
pump-117-wayne-alexela-98-press-err-third-party-ee.jpg,52.65,2.165,113.99,,EUR
pump-118-wayne-circlek-98-glare-total-instagram-third-party-ee.jpg,43.23,2.079,89.88,,EUR
pump-119-wayne-circlek-95miles-1369-drive2-third-party-ee.jpg,43.52,1.369,59.58,,EUR
pump-120-wayne-circlek-four-prices-drive2-third-party-ee.jpg,41.03,1.369,56.17,,EUR
pump-121-wayne-neste-1422-drive2-third-party-ee.jpg,39.77,1.422,56.55,,EUR
pump-122-wayne-circlek-98milesplus-1419-drive2-third-party-ee.jpg,39.56,1.419,56.14,,EUR
pump-123-unknown-comma-1911-drive2-third-party-ru.jpg,41.70,45.84,1911.53,,RUB
pump-124-unknown-zero-padded-comma-price-cut-drive2-third-party-ru.jpg,40.12,44.95,1803.39,,RUB
pump-125-wayne-circlek-price-out-of-frame-drive2-third-party-ee.jpg,41.36,,59.52,,EUR
pump-126-gilbarco-circlek-zero-padded-price-out-of-frame-drive2-third-party-ee.jpg,40.57,,56.76,,EUR
pump-127-wayne-idle-zero-three-prices-lounaleht-third-party-ee.jpg,0.00,,0.00,,EUR
pump-128-wayne-gazpromneft-idle-zero-five-prices-third-party-ru.jpg,0.00,,0.00,,RUB
pump-129-wayne-circlek-98milesplus-1402-third-party-ee.jpg,38.39,1.402,53.82,,EUR
pump-130-wayne-1000-rub-six-cells-third-party-ru.jpg,10.42,95.99,1000.22,,RUB
pump-131-wayne-circlek-forecourt-far-display-third-party-lt.jpg,32.66,1.478,48.27,,EUR
pump-132-wayne-circlek-1399-third-party-lt.jpg,18.40,1.399,25.74,,EUR
pump-133-wayne-circlek-total-cut-at-top-four-prices-third-party-ee.jpg,22.57,1.339,30.22,,EUR
pump-134-tokheim-kronur-5000-third-party-is.jpg,21.45,233.1,5000,,ISK
pump-135-tokheim-manat-tiny-display-third-party-tm.jpg,14.08,1.50,,,TMT
pump-136-wayne-kroner-717-third-party-no.jpg,50.76,14.14,717.75,,NOK
pump-137-wayne-pence-this-sale-third-party-gb.jpg,52.30,1.828,95.60,,GBP
pump-138-wayne-talvine-monochrome-no-price-third-party-ee.jpg,11.77,,20.23,,EUR
pump-139-wayne-euro-1613-third-party-fr.jpg,64.40,1.613,103.88,,EUR
pump-140-wayne-circlek-1849-rounding-third-party-lt.jpg,33.69,,62.30,,EUR
pump-141-wayne-kronor-957-price-cut-left-third-party-se.jpg,38.98,24.57,957.74,,SEK
pump-142-wayne-1600-not-closing-third-party-ru.jpg,48.49,33.00,,,RUB
pump-143-wayne-3921-95-third-party-ru.jpg,93.15,42.10,3921.62,,RUB
pump-144-wayne-alexela-98-same-fill-as-117-wider-third-party-ee.jpg,52.65,2.165,113.99,,EUR
pump-145-tokheim-pence-comma-stock-photo-third-party-gb.jpg,28.60,1.629,46.59,,GBP
pump-146-wayne-gazpromneft-1100-92-third-party-ru.jpg,25.12,43.80,1100.26,,RUB
pump-147-wayne-eur-1494-third-party-ee.jpg,44.29,1.494,66.17,,EUR
pump-148-wayne-1634-95-third-party-ru.jpg,24.46,66.83,1634.66,,RUB
pump-149-wayne-circlek-diesel-1272-third-party-ee.jpg,76.38,1.272,97.16,,EUR
pump-150-wayne-euroa-four-prices-glare-third-party-fi.jpg,16.20,1.454,23.55,,EUR
pump-151-gilbarco-circlek-zero-padded-2044-graphic-overlay-third-party-ee.jpg,45.64,2.044,93.29,,EUR
pump-152-wayne-305-third-party-ru.jpg,6.73,45.45,305.88,,RUB
pump-153-gilbarco-veeder-root-keypad-three-prices-third-party-ru.jpg,46.97,66.30,3114.11,,RUB
pump-154-gilbarco-veeder-root-keypad-1494-third-party-ru.jpg,30.02,49.79,1494.70,,RUB
pump-155-gilbarco-veeder-root-keypad-four-prices-third-party-ru.jpg,60.01,50.91,3055.11,,RUB
pump-156-gilbarco-veeder-root-keypad-backlit-three-prices-third-party-ru.jpg,23.95,39.00,934.05,,RUB
pump-157-gilbarco-veeder-root-ladder-cut-left-third-party-ru.jpg,44.80,39.00,1747.20,,RUB
pump-158-gilbarco-veeder-root-wet-9900-one-decimal-third-party-ru.jpg,146.84,67.42,9899.95,,RUB
pump-159-gilbarco-veeder-root-preset-20-litres-third-party-ru.jpg,20.00,96.64,1932.80,,RUB
pump-160-gilbarco-veeder-root-zero-padded-not-closing-third-party-ru.jpg,,61.79,,,RUB
pump-161-gilbarco-veeder-root-tv-still-800px-third-party-ru.jpg,24.38,66.44,,,RUB
pump-162-gilbarco-veeder-root-backlit-four-prices-666-third-party-ru.jpg,14.19,46.96,666.36,,RUB
pump-163-wayne-keypad-1997-92-third-party-ru.jpg,41.00,48.73,1997.93,,RUB
pump-164-wayne-keypad-diesel-glare-total-third-party-ru.jpg,46.74,61.92,2894.14,,RUB
pump-165-gilbarco-veeder-root-four-prices-680px-third-party-ru.jpg,78.41,45.94,3602.16,,RUB
pump-166-gilbarco-veeder-root-angled-watermark-third-party-ru.jpg,15.12,67.08,1014.25,,RUB
pump-167-gilbarco-veeder-root-shell-zero-padded-third-party-ru.jpg,42.77,52.59,2249.27,,RUB
pump-168-gilbarco-veeder-root-lukoil-zero-padded-four-prices-third-party-ru.jpg,22.51,66.66,1500.52,,RUB
pump-169-gilbarco-veeder-root-total-not-closing-video-still-third-party-ru.jpg,130.72,39.90,,,RUB
pump-170-gilbarco-veeder-root-teboil-zero-padded-preset-11-litres-third-party-ru.jpg,11.00,50.99,560.89,,RUB
pump-171-gilbarco-veeder-root-night-two-prices-third-party-ru.jpg,39.14,72.65,2843.52,,RUB
pump-172-gilbarco-veeder-root-lukoil-point-decimals-576px-third-party-ru.jpg,59.99,57.99,3478.82,,RUB
pump-173-gilbarco-veeder-root-cents-per-litre-tilted-third-party-au.jpg,158.95,2.559,406.75,,AUD
pump-174-wayne-keypad-lukoil-ekto-diesel-680px-third-party-ru.jpg,68.80,41.20,2834.56,,RUB
pump-175-gilbarco-veeder-root-zero-padded-189-third-party-ru.jpg,42.53,189.00,8038.17,,RUB
pump-176-gilbarco-veeder-root-5388-diesel-third-party-ru.jpg,61.21,88.04,5388.93,,RUB
pump-177-gilbarco-veeder-root-leva-640px-third-party-bg.jpg,6.89,1.45,9.99,,BGN
pump-178-gilbarco-veeder-root-forecourt-far-670px-third-party-ru.jpg,50.00,,,,RUB
pump-179-gilbarco-veeder-root-lukoil-winter-four-prices-third-party-ru.jpg,65.68,53.80,3533.58,,RUB
pump-180-gilbarco-veeder-root-cents-per-litre-portrait-third-party-au.jpg,20.76,2.159,44.82,,AUD
pump-181-gilbarco-veeder-root-preset-20-litres-577px-third-party-ru.jpg,20.00,52.10,1042.00,,RUB
pump-182-wayne-pignone-belarus-rubles-third-party-by.jpg,47.60,1.65,78.54,,BYN
pump-183-gilbarco-veeder-root-through-car-window-third-party-ru.jpg,,,,,RUB
pump-184-gilbarco-veeder-root-three-prices-1280x576-third-party-ru.jpg,37.13,63.41,2354.41,,RUB
pump-185-gilbarco-veeder-root-cents-per-litre-four-grades-third-party-au.jpg,71.53,1.412,101.00,,AUD
pump-186-tatsuno-amber-led-night-third-party-ru.jpg,22.01,40.30,887.00,,RUB
pump-187-tatsuno-amber-led-night-preset-20-third-party-ru.jpg,20.00,43.80,876.00,,RUB
pump-188-wayne-pignone-preset-20-third-party-ru.jpg,20.00,47.08,941.60,,RUB
pump-189-gilbarco-veeder-root-point-decimals-preset-20-third-party-ru.jpg,20.00,42.91,858.20,,RUB
pump-190-tokheim-tenge-fog-third-party-kz.jpg,49.66,145.0,7200.7,,KZT
pump-191-tokheim-preset-500-rub-one-decimal-third-party-ru.jpg,10.00,50.00,500.0,,RUB
pump-192-tokheim-3602-one-decimal-reflection-third-party-ru.jpg,63.65,56.59,3602.0,,RUB
pump-193-tokheim-3686-one-decimal-reflection-third-party-ru.jpg,65.15,56.59,3686.8,,RUB
pump-194-tokheim-4968-dusk-third-party-ru.jpg,96.47,51.50,4968.21,,RUB
pump-195-tokheim-lukoil-night-481-third-party-ru.jpg,10.63,45.25,481.01,,RUB
pump-196-tokheim-lukoil-snow-night-1895-third-party-ru.jpg,49.35,38.40,1895.04,,RUB
pump-197-tokheim-amber-backlight-lamp-glare-third-party-ru.jpg,57.55,63.10,3631.4,,RUB
pump-198-tokheim-lukoil-426-reflection-third-party-ru.jpg,7.15,59.64,426.43,,RUB
pump-199-tokheim-1630-large-cells-third-party-ru.jpg,30.09,54.20,1630.88,,RUB
pump-200-tokheim-preset-990-litres-cash-litres-keypad-third-party-ru.jpg,99.00,52.85,5232.15,,RUB
pump-201-tokheim-belarus-night-third-party-by.jpg,24.97,2.60,64.92,,BYN
pump-202-tokheim-preset-1000-rub-one-decimal-night-third-party-ru.jpg,25.70,38.92,1000.2,,RUB
pump-203-unknown-three-rows-photographer-reflection-third-party-ru.jpg,44.75,21.47,960.78,,RUB
pump-204-tokheim-bashneft-small-display-third-party-ru.jpg,24.76,65.65,1625.49,,RUB
pump-205-tokheim-364-tilted-third-party-ru.jpg,7.94,45.90,364.45,,RUB
pump-206-tokheim-1499-one-decimal-blur-third-party-ru.jpg,40.87,36.7,1499.9,,RUB
pump-207-dresser-wayne-summa-1136-third-party-ru.jpg,31.55,36.02,1136.43,,RUB
pump-208-gilbarco-veeder-root-night-rain-price-dim-third-party-ru.jpg,97.07,,4816.61,,RUB
pump-209-wayne-pesos-three-decimal-litres-third-party-ph.jpg,46.749,73.80,3450.08,,PHP
pump-210-wayne-pignone-gazpromneft-summa-1610-third-party-ru.jpg,31.40,51.30,1610.82,,RUB
pump-211-wayne-reais-three-grades-600px-third-party-br.jpg,7.63,3.897,29.73,,BRL
pump-212-dresser-wayne-circlek-diesel-6300l-2069-ee.jpg,63.00,2.069,130.35,,EUR
pump-213-gilbarco-circlek-zero-padded-6300l-1789-ee.jpg,63.00,1.789,112.71,,EUR
pump-214-gilbarco-veederroot-6714l-5181-rubles-ru.jpg,67.14,51.81,3478.52,,RUB
pump-215-gilbarco-veederroot-lukoil-zero-padded-1511l-5358-board-ru.jpg,15.11,53.58,809.59,,RUB
pump-216-gilbarco-veederroot-night-2000l-5210-ru.jpg,20.00,52.10,1042.00,,RUB
pump-217-gilbarco-veederroot-cents-per-litre-e85-19689l-1409-au.jpg,196.89,1.409,277.42,,AUD
pump-218-unknown-tkk-diesel-glare-6975-ru.jpg,,69.75,,,RUB
pump-219-gilbarco-veederroot-zero-padded-3000l-6616-ru.jpg,30.00,66.16,1984.80,,RUB
pump-220-topaz-gdrive-gazpromneft-dusk-4590l-6561-ru.jpg,45.90,65.61,3011.50,,RUB
pump-221-topaz-gazpromneft-postpay-3824l-5965-ru.jpg,38.24,59.65,2281.02,,RUB
pump-222-topaz-gazpromneft-trucks-mid-count-1788l-6039-ru.jpg,17.88,60.39,1078.38,,RUB
pump-223-gilbarco-gdrive-board-glare-5503l-5220-ru.jpg,55.03,52.20,2872.57,,RUB
pump-224-topaz-gazprom-truck-71428l-4900-ru.jpg,714.28,49.00,34999.72,,RUB
pump-225-topaz-gazpromneft-reflection-4901l-6922-ru.jpg,49.01,69.22,3392.47,,RUB
pump-226-topaz-service-mode-no-fill-ru.jpg,,,,,RUB
pump-227-topaz-gdrive-dusk-4682l-6900-third-party-ru.jpg,46.82,69.00,3230.58,,RUB
pump-228-topaz-deko-321l-7800-ru.jpg,3.21,78.00,250.38,,RUB
pump-229-wayne-gazpromneft-board-price-4000l-4245-ru.jpg,40.00,42.45,1698.00,,RUB
pump-230-topaz-gazpromneft-taxi-3617l-6537-ru.jpg,36.17,65.37,2364.43,,RUB
pump-231-topaz-gdrive-video-frame-3707l-6959-third-party-ru.jpg,37.07,69.59,2579.70,,RUB
pump-232-tokheim-gdrive-one-decimal-total-2046l-4775-ru.jpg,20.46,47.75,977.00,,RUB
pump-233-topaz-autumn-3349l-7570-ru.jpg,33.49,75.70,2535.19,,RUB
pump-234-topaz-clip-frame-590l-6941-third-party-ru.jpg,5.90,69.41,409.52,,RUB
pump-235-wayne-gdrive-night-board-price-1475l-243-by.jpg,14.75,2.43,35.84,,BYN
pump-236-wayne-gazpromneft-night-snow-6500l-4625-ru.jpg,65.00,46.25,3006.25,,RUB
pump-237-tokheim-omsk-2062l-4850-ru.jpg,20.62,48.50,1000.07,,RUB
pump-238-gilbarco-veederroot-three-decimal-price-3970l-1809-fr.jpg,39.70,1.809,71.82,,EUR
pump-239-wayne-gdrive-board-price-854l-3515-ru.jpg,8.54,35.15,300.18,,RUB
pump-240-gilbarco-veederroot-lukoil-9000l-5215-ru.jpg,90.00,52.15,4693.50,,RUB
pump-241-wayne-pignone-dm3-528l-469-pl.jpg,5.28,4.69,24.76,,PLN
pump-242-wayne-neste-2461-1313l-board-ee.jpg,13.13,,24.61,,EUR
pump-243-wayne-neste-2461-1313l-board-second-angle-ee.jpg,13.13,,24.61,,EUR
pump-244-wayne-neste-5225-2788l-board-reflection-ee.jpg,27.88,,52.25,,EUR
pump-245-gilbarco-circlek-peetri-pump2-4419l-1919-ee.jpg,44.19,1.919,84.80,,EUR
pump-246-gilbarco-circlek-peetri-pump2-4419l-1919-second-angle-ee.jpg,44.19,1.919,84.80,,EUR
pump-247-gilbarco-circlek-peetri-pump1-3647l-1919-ee.jpg,36.47,1.919,69.99,,EUR
pump-248-gilbarco-circlek-peetri-pump3-2143l-2099-pair-ee.jpg,21.43,2.099,44.98,,EUR
pump-249-gilbarco-circlek-peetri-pump3-2143l-2099-pair-close-ee.jpg,21.43,2.099,44.98,,EUR
pump-250-gilbarco-circlek-peetri-pump7-3590l-2099-ee.jpg,35.90,2.099,75.35,,EUR
pump-251-gilbarco-circlek-peetri-pump7-3590l-2099-close-ee.jpg,35.90,2.099,75.35,,EUR
pump-252-gilbarco-circlek-peetri-pump8-3242l-2099-ee.jpg,32.42,2.099,68.05,,EUR
pump-253-gilbarco-circlek-peetri-pump5-98miles-1790l-1959-glare-pair-ee.jpg,17.90,1.959,35.07,,EUR
pump-254-gilbarco-circlek-peetri-pump9-adblue-375l-0959-ee.jpg,3.75,0.959,3.60,,EUR
pump-255-gilbarco-circlek-peetri-pump6-2001l-2099-ee.jpg,20.01,2.099,42.00,,EUR
pump-256-gilbarco-circlek-peetri-pump6-1520l-2099-off-by-a-cent-ee.jpg,15.20,2.099,31.91,,EUR
pump-257-gilbarco-circlek-peetri-pump7-2032l-price-glare-ee.jpg,20.32,,38.69,,EUR
pump-258-gilbarco-circlek-peetri-pump4-3506l-1919-ee.jpg,35.06,1.919,67.28,,EUR
pump-259-gilbarco-circlek-peetri-pump8-6286l-2099-ee.jpg,62.86,2.099,131.94,,EUR
pump-260-wayne-circlek-pump5-1000l-board-ee.jpg,10.00,,20.99,,EUR
pump-261-wayne-circlek-pump5-1000l-board-oblique-ee.jpg,10.00,,20.99,,EUR
pump-262-wayne-circlek-pump2-1723l-board-ee.jpg,17.23,,36.17,,EUR
pump-263-wayne-circlek-pump4-closed-text-negative-ee.jpg,,,,,EUR
pump-264-wayne-circlek-pump4-2887l-board-ee.jpg,28.87,,55.40,,EUR
pump-265-wayne-circlek-pump4-2887l-board-second-angle-ee.jpg,28.87,,55.40,,EUR
pump-266-wayne-circlek-pump3-3629l-discounted-price-board-ee.jpg,36.29,,66.74,,EUR
pump-267-wayne-circlek-pump1-glare-liters-board-ee.jpg,,,122.54,,EUR
pump-268-wayne-olerex-tankur3-idle-board-ee.jpg,,,,,EUR
pump-269-wayne-olerex-tankur5-idle-board-ee.jpg,,,,,EUR
pump-270-gilbarco-circlek-five-grade-3197l-1979-ee.jpg,31.97,1.979,63.27,,EUR
pump-271-gilbarco-circlek-five-grade-1125l-2232-ee.jpg,11.25,2.232,25.11,,EUR
pump-272-gilbarco-circlek-five-grade-pump4-4049l-2132-ee.jpg,40.49,2.132,86.32,,EUR
pump-273-gilbarco-circlek-five-grade-pump2-3546l-1919-ee.jpg,35.46,1.919,68.05,,EUR
pump-274-wayne-neste-night-3024-1513l-board-ee.jpg,15.13,,30.24,,EUR
pump-275-wayne-neste-night-10337-5171l-board-ee.jpg,51.71,,103.37,,EUR
pump-276-wayne-neste-night-8605-3913l-board-ee.jpg,39.13,,86.05,,EUR
pump-277-gilbarco-circlek-peetri-night-pump2-1754l-1959-ee.jpg,17.54,1.959,34.36,,EUR
pump-278-gilbarco-circlek-peetri-night-pump4-3497l-1999-off-by-a-cent-pair-ee.jpg,34.97,1.999,69.91,,EUR
pump-279-gilbarco-circlek-peetri-night-pump3-800l-2059-pair-ee.jpg,8.00,2.059,16.47,,EUR
pump-280-gilbarco-circlek-night-pump11-323l-2184-ee.jpg,3.23,2.184,7.05,,EUR
pump-281-gilbarco-circlek-night-pump12-2349l-1949-ee.jpg,23.49,1.949,45.78,,EUR
pump-282-gilbarco-circlek-sikupilli-1723l-1999-ee.jpg,17.23,1.999,34.44,,EUR
pump-283-gilbarco-circlek-sikupilli-1438l-2299-ee.jpg,14.38,2.299,33.06,,EUR
pump-284-gilbarco-circlek-sikupilli-glare-2003l-2169-ee.jpg,20.03,2.169,43.45,,EUR
pump-285-gilbarco-circlek-sikupilli-500l-2199-ee.jpg,5.00,2.199,11.00,,EUR
pump-286-gilbarco-circlek-sikupilli-pump7-4089l-2199-pair-ee.jpg,40.89,2.199,89.92,,EUR
pump-287-wayne-circlek-jarvevana-pump8-2991l-board-ee.jpg,29.91,,66.22,,EUR
pump-288-wayne-circlek-jarvevana-liitrid-3414l-board-ee.jpg,34.14,,69.27,,EUR
pump-289-wayne-circlek-jarvevana-liitrid-preset-60-2710l-board-ee.jpg,27.10,,60.00,,EUR
pump-290-wayne-circlek-jarvevana-pump2-1479l-board-pair-ee.jpg,14.79,,29.93,,EUR
pump-291-wayne-circlek-jarvevana-pump1-oblique-4181l-board-ee.jpg,41.81,,86.50,,EUR
pump-292-gilbarco-circlek-pump5-4010l-2004-ee.jpg,40.10,2.004,80.36,,EUR
pump-293-gilbarco-circlek-pump5-4010l-2004-second-angle-ee.jpg,40.10,,80.36,,EUR
pump-294-gilbarco-circlek-pump3-1901l-2079-ee.jpg,19.01,2.079,39.52,,EUR
pump-295-gilbarco-circlek-pump4-1360l-2209-ee.jpg,13.60,2.209,30.04,,EUR
pump-296-wayne-circlek-liitrid-5127l-board-ee.jpg,51.27,,114.28,,EUR
pump-297-wayne-circlek-liitrid-glare-765l-board-ee.jpg,7.65,,,,EUR
pump-298-wayne-circlek-liitrid-6953l-board-ee.jpg,69.53,,154.98,,EUR
pump-299-wayne-circlek-liitrid-2276l-board-ee.jpg,22.76,,50.73,,EUR
pump-300-wayne-circlek-liitrid-1370l-board-ee.jpg,13.70,,27.87,,EUR
pump-301-wayne-circlek-liitrid-idle-reflection-board-ee.jpg,,,,,EUR
pump-302-wayne-circlek-liitrid-tilted-1384l-board-ee.jpg,13.84,,,,EUR
pump-303-unknown-lpg-3222-7877l-0409-fr.jpg,78.77,0.409,32.22,,EUR
pump-304-tokheim-casadei-prix-volume-reflection-22047-9152l-2409-fr.jpg,91.52,2.409,220.47,,EUR
pump-305-tokheim-prix-volume-tilted-15250-6078l-2509-fr.jpg,60.78,2.509,152.50,,EUR
pump-306-tokheim-twin-idle-betrag-abgabe-zeros-de.jpg,,,,,EUR
pump-307-unknown-total-excellium-corrected-15c-board-19772-8475l-2333-be.jpg,84.75,2.333,197.72,,EUR
pump-308-gilbarco-uk-this-sale-preset-500-311l-1609-board-gb.jpg,3.11,1.609,5.00,,GBP
pump-309-gilbarco-uk-this-sale-preset-1600-1234l-1297-board-gb.jpg,12.34,1.297,16.00,,GBP
pump-310-gilbarco-uk-this-sale-oblique-14166-8696l-1629-board-gb.jpg,86.96,1.629,141.66,,GBP
pump-311-gilbarco-tesco-pump7-far-7383-5203l-1419-board-gb.jpg,52.03,1.419,73.83,,GBP
pump-312-gilbarco-uk-night-caption-7891-4112l-1919-board-gb.jpg,41.12,1.919,78.91,,GBP
pump-313-unknown-uk-blue-pump4-no-price-window-9639-5707l-1689-board-gb.jpg,57.07,1.689,96.39,,GBP
pump-314-gilbarco-uk-this-sale-15386-9274l-1659-board-gb.jpg,92.74,1.659,153.86,,GBP
pump-315-unknown-finland-euroa-litraa-reflection-1226-583l-2103-board-fi.jpg,5.83,2.103,12.26,,EUR
pump-316-gilbarco-uk-night-preset-4900-3632l-1349-board-gb.jpg,36.32,1.349,49.00,,GBP
pump-317-wayne-lafon-nozzles-3508-2340l-1499-fr.jpg,23.40,1.499,35.08,,EUR
pump-318-wayne-lafon-leclerc-louhans-cropped-8373-4363l-1919-fr.jpg,43.63,1.919,83.73,,EUR
pump-319-wayne-neste-11808-5639l-board-rain-ee.jpg,56.39,,118.08,,EUR
pump-320-wayne-neste-11808-5639l-board-rain-tilted-second-angle-ee.jpg,56.39,,118.08,,EUR
pump-321-wayne-neste-3848-2005l-board-rain-tilted-ee.jpg,20.05,,38.48,,EUR
pump-322-wayne-neste-6503-3389l-board-rain-tilted-ee.jpg,33.89,,65.03,,EUR
pump-323-wayne-neste-6503-3389l-board-rain-second-angle-ee.jpg,33.89,,65.03,,EUR
pump-324-gilbarco-circlek-17401-8310l-2094-rain-ee.jpg,83.10,2.094,174.01,,EUR
pump-325-gilbarco-circlek-17401-8310l-2094-rain-second-angle-ee.jpg,83.10,2.094,174.01,,EUR
pump-326-gilbarco-circlek-2117-1011l-2094-rain-ee.jpg,10.11,2.094,21.17,,EUR
pump-327-gilbarco-circlek-6772-3234l-2094-rain-ee.jpg,32.34,2.094,67.72,,EUR
pump-328-wayne-neste-4736-2381l-board-rain-tilted-ee.jpg,23.81,,47.36,,EUR
pump-329-gilbarco-circlek-2020-951l-2124-night-tilted-ee.jpg,9.51,2.124,20.20,,EUR
pump-330-gilbarco-circlek-7645-3591l-2129-night-oblique-ee.jpg,35.91,2.129,76.45,,EUR
pump-331-gilbarco-circlek-3264-1533l-2129-night-ee.jpg,15.33,2.129,32.64,,EUR
pump-332-unknown-alexela-black-lcd-idle-board-reflection-ee.jpg,0.00,,0.00,,EUR
pump-333-unknown-alexela-cng-2106-1109kg-dead-segments-ee.jpg,11.09,1.899,21.06,,EUR
pump-334-unknown-alexela-black-lcd-idle-board-self-reflection-ee.jpg,0.00,,0.00,,EUR
pump-335-unknown-alexela-black-lcd-idle-board-ee.jpg,0.00,,0.00,,EUR
